INSERT INTO users (user_id, fio, email, password, money, address, phone, role) values
(1, 'admin', 'admin@admin', '8c6976e5b5410415bde908bd4dee15dfb167a9c873fc4bb8a81f6f2ab448a918', 1800, 'ул. пушкина, д.10, кв. 5', '+1234567890', 'admin'),
(2, 'seller', 'seller@seller', 'a4279eae47aaa7417da62434795a011ccb0ec870f7f56646d181b5500a892a9a', 500, 'ул. лермонтова, д.15, кв. 7', '+1098765432', 'seller'),
(3, 'user', 'user@user', '04f8996da763b7a969b1028ee3007569eaf3a635486ddab211d512c85b9df8fb', 750, 'ул. толстого, д.20, кв. 1', '+1472583690', 'user'),
(4, 'федоров федор федорович', 'fedorov@example.com', 'aa8daf820a8c403a7e71093afe20b0850b7c5e1d59f56016f117088a6069a31d', 200, 'ул. достоевского, д.5, кв. 3', '+9876543210', 'user'),
(5, 'александров александр александрович', 'aleksandrov@example.com', '0f6d4c9e0faf36b39d371b76c048831eba67a815334549f9fb8e907c0ce105c7', 1500, 'ул. гоголя, д.8, кв. 2', '+1002003004', 'admin'),
(6, 'новиков новик новикович', 'novikov@example.com', 'e99a18c428cb38d5f260853678922e03', 300, 'ул. пушкина, д.11, кв. 6', '+5432167890', 'seller'),
(7, 'семенов семен семенович', 'semenov@example.com', 'b6d41851ded81898637c692f60a71657', 700, 'ул. лермонтова, д.16, кв. 8', '+1111222233', 'user'),
(8, 'егоров егор егорович', 'egorov@example.com', '7fc56270e7a70fa81a5935b72eacbe29', 900, 'ул. толстого, д.21, кв. 2', '+4455667788', 'seller'),
(9, 'никитин никита никитович', 'nikitin@example.com', 'fb51d7d34f8c7e597d2b4b3432911b29', 1200, 'ул. достоевского, д.6, кв. 4', '+9900112233', 'user'),
(10, 'владимиров владимир владимирович', 'vladimirov@example.com', '4bc6c4a06160163706efbec7c44e8dcc', 1800, 'ул. гоголя, д.9, кв. 3', '+7788990011', 'seller'),
(11, 'дмитриев дмитрий дмитриевич', 'dmitriev@example.com', '8b9b3a293ca9be9212f7382fe9f212d8810cca3d5a5155dc3f6b5835b02df4c8', 600, 'ул. пушкина, д.12, кв. 7', '+6677889900', 'admin'),
(12, 'ильин илья ильич', 'ilin@example.com', '9b3162295eddc31efa05f61589a67c81', 450, 'ул. лермонтова, д.17, кв. 9', '+1122334455', 'user'),
(13, 'андреев андрей андреевич', 'andreev@example.com', '02f0514289fb22e423f23806c915e833', 850, 'ул. толстого, д.22, кв. 3', '+5566778899', 'seller'),
(14, 'васильев василий васильевич', 'vasiliev@example.com', '095df9e3e5b139cbfbb7c2b52b68f65f', 1100, 'ул. достоевского, д.7, кв. 5', '+1223344556', 'user'),
(15, 'сергеев сергей сергеевич', 'sergeev@example.com', '0ee9596c239c0b5acf12732ea4c6751d', 1600, 'ул. гоголя, д.10, кв. 4', '+8901122334', 'seller');

INSERT INTO orders (order_id, all_price, address, user_id) values
(1, 0, 'ул. пушкина, д.10, кв. 5', 1),
(2, 0, 'ул. лермонтова, д.15, кв. 7', 2),
(3, 47244.05, 'ул. толстого, д.20, кв. 1', 3),
(4, 0, 'ул. достоевского, д.5, кв. 3', 4),
(5, 0, 'ул. гоголя, д.8, кв. 2', 5),
(6, 0, 'ул. пушкина, д.11, кв. 6', 6),
(7, 2242, 'ул. лермонтова, д.16, кв. 8', 7),
(8, 0, 'ул. толстого, д.21, кв. 2', 8),
(9, 0, 'ул. достоевского, д.6, кв. 4', 9),
(10, 0, 'ул. гоголя, д.9, кв. 3', 10),
(11, 0, 'ул. пушкина, д.12, кв. 7', 11),
(12, 135749.65, 'ул. лермонтова, д.17, кв. 9', 12),
(13, 0, 'ул. толстого, д.22, кв. 3', 13),
(14, 9456, 'ул. достоевского, д.7, кв. 5', 14),
(15, 0, 'ул. гоголя, д.10, кв. 4', 15);

INSERT INTO products (product_id, seller_id, title, price, rate) values
(1, 2, 'Карандаш', 10.25, 4.5),
(2, 6, 'Мяч', 555.50, 4.2),
(3, 2, 'Кукла', 1505.75, 4.8),
(4, 6, 'Камень с улыбкой', 20.00, 4.9),
(5, 2, 'Крокодил', 777.90, 4.0),
(6, 2, 'Ручка', 80.40, 4.1),
(7, 2, 'Книга', 1200.75, 4.7),
(8, 2, 'Робот', 2500.60, 4.6),
(9, 6, 'Машинка', 1899.90, 4.3),
(10, 2, 'Медведь', 1006.25, 4.4),
(11, 2, 'Клавиатура', 2200.30, 4.7),
(12, 2, 'Лампа', 3000.15, 4.8),
(13, 13, 'Стол', 14000.50, 4.2),
(14, 13, 'Стул', 675.75, 3.9),
(15, 13, 'Айфон', 120000.45, 4.9);

INSERT INTO carts (cart_id, all_price, user_id) values
(1, 0, 1),
(2, 0, 2),
(3, 51625.95, 3),
(4, 0, 4),
(5, 0, 5),
(6, 0, 6),
(7, 13492.2, 7),
(8, 0, 8),
(9, 0, 9),
(10, 0, 10),
(11, 0, 11),
(12, 121351.95, 12),
(13, 0, 13),
(14, 8220.6, 14),
(15, 0, 15);

INSERT INTO products_carts (product_id, cart_id, quantity) values
(1, 3, 3),
(3, 7, 2),
(4, 14, 1),
(2, 7, 4),
(5, 7, 2),
(6, 3, 1),
(8, 3, 3),
(10, 3, 2),
(9, 7, 1),
(7, 7, 4),
(12, 14, 2),
(11, 14, 1),
(13, 3, 3),
(14, 12, 2),
(15, 12, 1);

INSERT INTO products_orders (product_id, order_id, quantity) values
(1, 3, 3),
(3, 3, 2),
(4, 7, 1),
(2, 7, 4),
(5, 14, 2),
(6, 12, 1),
(8, 12, 3),
(10, 12, 2),
(9, 14, 1),
(7, 12, 4),
(12, 14, 2),
(11, 3, 1),
(13, 3, 3),
(14, 12, 2),
(15, 12, 1);